slug,title,category
ai-dating-photos,AI Dating Profile Photos,dating
ai-tinder-photos,AI Photos for Tinder,dating
ai-hinge-photos,AI Photos for Hinge,dating
ai-bumble-photos,AI Photos for Bumble,dating
best-dating-profile-photos,Best Dating Profile Photos AI,dating
dating-photo-ideas,Dating Photo Ideas with AI,dating
how-to-get-more-matches,How to Get More Matches with AI Photos,dating
dating-profile-makeover,AI Dating Profile Makeover,dating
ai-couples-photos,AI Couples Photos Generator,dating
dating-photos-for-men,AI Dating Photos for Men,dating
dating-photos-for-women,AI Dating Photos for Women,dating
look-attractive-in-photos,How to Look Attractive in Photos AI,dating
casual-dating-photos,Casual Dating Photo Ideas AI,dating
adventurous-dating-photos,Adventurous Dating Profile Photos AI,dating
dating-photo-with-car,Dating Photos with Luxury Car AI,dating
ai-instagram-photos,AI Photos for Instagram,social-media
ai-tiktok-content,AI Photos for TikTok Content,social-media
ai-influencer-photos,AI Influencer Photo Generator,social-media
ai-content-creator-photos,AI Content Creator Photos,social-media
viral-photo-ideas,Viral Photo Ideas with AI,social-media
social-media-glow-up,Social Media Glow Up with AI Photos,social-media
instagram-feed-aesthetic,Instagram Feed Aesthetic AI Photos,social-media
luxury-instagram-photos,Luxury Instagram Photos AI Generator,social-media
ai-profile-picture,AI Profile Picture Generator,social-media
ai-story-content,AI Photos for Instagram Stories,social-media
ai-linkedin-headshots,AI LinkedIn Headshots,professional
ai-ceo-headshots,AI CEO Headshots,professional
ai-entrepreneur-photos,AI Entrepreneur Photos,professional
ai-business-portraits,AI Business Portrait Photos,professional
ai-startup-founder-photos,AI Startup Founder Photos,professional
luxury-lifestyle-photos,Luxury Lifestyle Photos AI,aesthetic
old-money-aesthetic,Old Money Aesthetic Photos AI,aesthetic
quiet-luxury-photos,Quiet Luxury Photos AI Generator,aesthetic
dark-luxury-aesthetic,Dark Luxury Aesthetic Photos,aesthetic
new-money-aesthetic,New Money Aesthetic Photos AI,aesthetic
billionaire-lifestyle,Billionaire Lifestyle Photos AI,aesthetic
jet-setter-photos,Jet Setter Lifestyle Photos AI,aesthetic
yacht-life-aesthetic,Yacht Life Aesthetic Photos AI,aesthetic
penthouse-lifestyle,Penthouse Lifestyle Photos AI,aesthetic
champagne-lifestyle,Champagne Lifestyle Photos AI,aesthetic
ai-photos-dubai,AI Photos in Dubai,locations
ai-photos-monaco,AI Photos in Monaco,locations
ai-photos-paris,AI Photos in Paris,locations
ai-photos-miami,AI Photos in Miami,locations
ai-photos-new-york,AI Photos in New York,locations
ai-photos-london,AI Photos in London,locations
ai-photos-bali,AI Photos in Bali,locations
ai-photos-maldives,AI Photos in Maldives,locations
ai-photos-santorini,AI Photos in Santorini,locations
ai-photos-tokyo,AI Photos in Tokyo,locations
